<?xml version="1.0" encoding="UTF-8"?>
<project-private xmlns="http://www.netbeans.org/ns/project-private/1">
    <editor-bookmarks xmlns="http://www.netbeans.org/ns/editor-bookmarks/2" lastBookmarkId="0"/>
    <open-files xmlns="http://www.netbeans.org/ns/projectui-open-files/2">
        <group>
            <file>file:/C:/Users/VASS%20México/Documents/NetBeansProjects/p1294system/mvc/view/admin/header_menu.html</file>
            <file>file:/C:/Users/VASS%20México/Documents/NetBeansProjects/p1294system/index.html</file>
            <file>file:/C:/Users/VASS%20México/Documents/NetBeansProjects/p1294system/mvc/view/ventas/viewVentas.html</file>
            <file>file:/C:/Users/VASS%20México/Documents/NetBeansProjects/p1294system/resources/js/Paths.js</file>
            <file>file:/C:/Users/VASS%20México/Documents/NetBeansProjects/p1294system/mvc/view/ventas/viewSearchVenta.html</file>
            <file>file:/C:/Users/VASS%20México/Documents/NetBeansProjects/p1294system/mvc/controller/VentasController.js</file>
        </group>
    </open-files>
</project-private>
